{
  "id": "1993840",
  "name": "AppleUI",
  "font_family": "iconfont",
  "css_prefix_text": "icon-",
  "description": "",
  "glyphs": [
    {
      "icon_id": "14164292",
      "name": "关  闭",
      "font_class": "close",
      "unicode": "e71d",
      "unicode_decimal": 59165
    },
    {
      "icon_id": "2423684",
      "name": "苹果_apple58",
      "font_class": "apple",
      "unicode": "e613",
      "unicode_decimal": 58899
    },
    {
      "icon_id": "16384124",
      "name": "书和苹果",
      "font_class": "apple-book",
      "unicode": "e685",
      "unicode_decimal": 59013
    },
    {
      "icon_id": "8472794",
      "name": "dengpao",
      "font_class": "light",
      "unicode": "e601",
      "unicode_decimal": 58881
    },
    {
      "icon_id": "11062719",
      "name": "typescript",
      "font_class": "ts",
      "unicode": "e676",
      "unicode_decimal": 58998
    },
    {
      "icon_id": "13069170",
      "name": "vue",
      "font_class": "vue",
      "unicode": "e69c",
      "unicode_decimal": 59036
    },
    {
      "icon_id": "11493434",
      "name": "搜索",
      "font_class": "search",
      "unicode": "e618",
      "unicode_decimal": 58904
    },
    {
      "icon_id": "7339838",
      "name": "选项",
      "font_class": "toggle",
      "unicode": "e6a9",
      "unicode_decimal": 59049
    }
  ]
}
